{"cameraMode":{"drawMode":0,"name":"Shaded","section":"Shading Mode"},"sceneLighting":true,"audioPlay":false,"sceneViewState":{"m_AlwaysRefresh":true,"showFog":true,"showSkybox":false,"showFlares":true,"showImageEffects":true,"showParticleSystems":true,"showVisualEffectGraphs":true,"m_FxEnabled":true},"in2DMode":false,"pivot":{"x":0.9655428528785706,"y":2.742732048034668,"z":0.3634759187698364},"rotation":{"x":0.21508464217185975,"y":0.09419421851634979,"z":-0.020853357389569284,"w":0.9718257188796997},"size":1.8229472637176514,"orthographic":false}